,similarity
the maine lobster lady,0.9088089794594071
california pizza kitchen at biltmore,0.901402291938588
gordon biersch brewery restaurant,0.9011713185320332
ten handcrafted american fare spirits,0.8999965500949783
lucky strike phoenix,0.8979116883624714
marcels bar grill,0.8896068748366599
yasu sushi bistro,0.8881026471712226
maryland deli liquor,0.8857648413592658
bjs restaurant brewhouse,0.8835066527945415
ohso brewery arcadia,0.882919641684658
taylors chowder house,0.882045392606533
huss brewing co uptown taproom,0.8818678306465928
phoenix city grille,0.8817017036086852
cactus jacks bar and grill,0.88122947626678
longhorn steakhouse,0.878219386339809
cousins maine lobster phoenix,0.8780077578384761
keegans grill taproom foothills,0.876654866337867
the cheesecake factory,0.8763518821050305
blue hound,0.8761388301255171
copper blues rock pub kitchen phoenix,0.8759198022918657
el kiosco,0.8752886692832292
romanos macaroni grill,0.8746641325134168
the keg steakhouse bar,0.8744418761670959
compass arizona grill,0.8732807238094237
westwood tap grill,0.872130645817956
wallys american pub n grill,0.8717327815117174
oreganos pizza bistro,0.8717123318139939
el snappy mexican food,0.8713864754430596
tuck shop,0.8700303251422268
pappadeaux seafood kitchen,0.8698766619662391
oconnors pub,0.8695447884786291
pronto pizza,0.8682857272842098
sergio el pollo feliz,0.8681969097374631
economic equipment locator,0.8681811834032097
the capital grille,0.8674403860724296
cactus corn,0.8673373103776456
outback steakhouse,0.8671401040081734
sandbar mexican grill,0.8670457920789914
the vig fillmore,0.8668928057064547
casey jones grill,0.8666361944732515
olive garden italian restaurant,0.8665152163499779
the attic ale house,0.8662665379746859
across the pond,0.8662058385212801
the vig arcadia,0.8658254190023549
the great american grill,0.8646904153787135
rusconis american kitchen,0.8646700078979661
blue martini lounge,0.8645275892526971
the living room wine caf lounge,0.8641888443288069
bruno malis cafe gift,0.8641820308102794
squid ink sushi phoenix,0.8617211616920124
urban wok,0.8616387961964298
federal pizza,0.8612867039795372
cheuvront restaurant wine bar,0.8609727566775565
bootleggers modern american smokehouse,0.8607788177306892
new china,0.8607097829228625
taco guild,0.8584592947324172
phil the grill,0.8584110764635386
bluewater grill,0.8583513569011425
carniceria mi casita,0.858013165909268
paradise valley pizza company,0.8578553865239578
vegan invasion delivery catering,0.8577893226330671
black angus steakhouse,0.8576794973519917
helton brewing company,0.8575713431202727
rib shop,0.8571578884997977
district american kitchen and wine bar,0.8568939687659671
culinary dropout,0.8567238739821137
timo wine bar,0.8566841630199749
growler usa phoenix,0.8556149524499291
jetbox market,0.8551707822389576
az metro cafe,0.8550354818207728
postino arcadia,0.8549297629907061
krispy krunchy chicken,0.854886762066831
half moon sports grill,0.8547660243252695
long john silvers,0.8537679640717017
pure sushi colony,0.8536728002689653
lou malnatis pizzeria,0.8529819632140082
hulas modern tiki,0.8529658725953286
giuseppes on 28th,0.8528320386266911
the collins small batch kitchen,0.8527249958829188
bps hotdogs more,0.8521941081781259
noodle bar,0.8510843854410549
vincents on camelback,0.8510078537453164
times square neighborhood italian restaurant,0.8508282958081784
the arrogant butcher,0.8503955238392766
the sicilian butcher,0.8500965152938085
sierra bonita grill,0.8498023482039402
bitter twisted cocktail parlour,0.849713135871614
ohso brewery paradise valley,0.8489205786567857
chambers on first,0.8482476210976306
midici the neapolitan pizza company,0.8480175755045325
durants,0.8479540727463593
hanyo grill,0.8476786663172771
mancusos restaurant,0.8462808696117481
the wrigley mansion club,0.8460015144149944
aldos hot wings,0.8456968115297094
the old spaghetti factory,0.8453006703657455
pinos pizza al centro,0.8452424398229752
stockyards restaurant,0.8447820984061882
tks desert dog,0.844642401167571
simons vegan hot dogs,0.8445503567486896
jamies wine bar,0.8439941719379072
claim jumper restaurant saloon,0.8436501715282997
el sabroso hot dog,0.8430586718034672
california pizza kitchen at desert ridge,0.8428866402167948
johnnies java mobile coffee catering,0.8425552093690079
north mountain brewing company,0.8421294680051967
texas roadhouse,0.8420685619330676
the madison deli,0.8419844140832471
chelseas kitchen,0.8419124484948891
brixton pub,0.8418576745820627
cks tavern grill,0.841798073668548
crujiente tacos,0.8415810677249502
ocotillo sun,0.8410722235712105
kona grill,0.8406724109165977
feeneys restaurant and bar,0.8406572359887103
jts bar grill,0.8402700919437347
sauce pizza and wine,0.8400035585108816
amc dinein theatres esplanade 14,0.8398899385334734
doughbird,0.8397974197854295
humble pie,0.8396282069526665
stock stable,0.8388719064218111
ricos american grill,0.8386510424745324
babbo italian eatery,0.8386047426310766
postino central,0.8377575528532208
the vig uptown,0.8372968939805017
four peaks brewing company,0.8372652874132505
caveman burgers,0.8370758188494054
match restaurant lounge,0.8368569917209225
sanctum,0.8367406741957016
the white chocolate grill,0.8366130378435823
cornish pasty,0.8363049720426801
helio basin brewing,0.8354928299757931
carniceria del pacifico,0.8353811690150321
the bbq daddy catering,0.83525248903122
crescent ballroom,0.8343557044018093
angels trumpet ale house,0.8342649080704991
camp social,0.8340467657965522
fabulous food,0.8332662469068155
kings subs,0.8329245125006359
harveys wineburger,0.8326083953727093
el kiosco mexican snacks,0.8323518656569919
the rose and crown,0.8323014655575308
twisted fork cafeteria mihs,0.8321677018943429
steak 44,0.832140117302097
double headers,0.8313018766506144
st francis restaurant,0.8312927841572579
original gravity,0.8307671474369969
mckenzies midtown tavern,0.8305855873548025
capri market deli,0.8299278805068073
honor amongst thieves,0.8297471123571347
mariscos el cochorit,0.8295184238368349
olive branch market,0.8294409128076091
becketts table,0.8293861788464337
bama bbq 4 ever catering,0.8291413498103295
giordanos,0.8290214037989676
angry crab shack,0.8288352082006628
twin peaks,0.8287813764558218
sakana sushi grill,0.8287645067073783
ginban sushi,0.828392742158964
blanco tacos tequila,0.8281298023275634
canyon cafe,0.8279488508719683
veterinary neurological center,0.8272764565207582
clever koi,0.8271324916591187
pubblico italian eatery,0.8267821263126546
moira sushi bar kitchen,0.8264724898816151
cold beers cheeseburgers paradise valley,0.826386197961114
aioli gourmet burgers and catering food truck,0.8262959938174388
carniceria la herradura,0.8261582825194926
gypsys roadhouse,0.8258552483309087
blanco tacos and tequila,0.8256755090994188
time square,0.8252900060844658
geordies steak,0.8250925064730139
ikes love sandwiches,0.824882834253526
fiddlers dream coffee house,0.8245251602429375
hillstone restaurant,0.824327370422637
rosie mccaffreys irish pub restaurant,0.8237593009607825
picazzos healthy italian kitchen,0.8236971800616968
viad tower restaurants,0.8236019122680631
switch restaurant wine bar,0.8233528463794475
ziggys il posto,0.8230918395749629
waffle house,0.8230684769332834
bar pesce,0.8230256439272814
cinnabon,0.8228374958308922
lamore italian restaurant,0.8226252969406048
restaurante tu pueblo,0.8219464596562747
dellys jerk shack,0.8216652306423657
burger passion,0.8215490889741752
casita del mar,0.8212374184038319
fuego bistro,0.8208086716656042
wild tuna sushi and spirits,0.8207228918556477
jackalope flats,0.8204998461903907
trattoria damico,0.8201540270214098
pizzario phoenix,0.8196985500067959
north italia,0.8194583645761847
wood fired pizzeria gelato spot,0.8187910536501537
auntie annes,0.8185752830179966
sand sharks bar and grill,0.8183259166681894
mellow mushroom,0.8182268939829144
the little woody,0.8175330997989522
chefs at your home,0.8171628932029757
whyld ass,0.8171386181395992
brigetts last laugh,0.815775494537971
tortas hipocampo,0.8154955085425077
mora italian,0.8153568056517422
pepe el toro mexican food,0.8150765481558888
buddyz a chicago pizzeria,0.8149396680039773
jackinthebox,0.8147957922274516
binkleys restaurant,0.8147366922478536
t cooks,0.8142815054647243
ammaccapanes restaurant sports bar,0.81388685715571
stonegrill,0.8137356355496748
wrights at the arizona biltmore,0.813587215320458
shogun,0.8130663482462039
lookout mountain golf club,0.8126104676892345
sushi style,0.8125581582287061
rack shack bbq,0.8121212562653112
el sabroso hot dogs,0.8120106934946665
hibachi city buffet,0.8119370193406281
yard house,0.8117257506514216
moon valley grill,0.8116317951436762
el taco feliz,0.8116140986096755
coachs corner grill,0.8114875445171515
focaccia fiorentina,0.811344949239871
true food kitchen,0.8111028819786992
the main ingredient ale house and caf,0.8109297187843061
mein man,0.8102820189290041
2 fat guys grilled cheese,0.8102714711734169
the melting potphoenix,0.8101599947710343
dagwoods,0.809548911671948
the gladly,0.8094604115580537
mother bunch brewing,0.809430417396322
majerles sports grill,0.8093136878325513
freak brothers pizza,0.809234788633939
eddys tacos y mas,0.8091737547485984
cherryblossom noodle cafe,0.8088991199953044
nypd pizza,0.8082716988782672
sushi nakano,0.8078559462091477
bliss rebar,0.8076432671825924
the codfather,0.8072070954294279
cibo,0.807098172761715
delivery dine,0.8065097569811401
la bocca wine bar urban kitchen,0.8051863943441413
flower child,0.8047626859662429
cabana club,0.8043046847690973
high dive,0.8040617505770349
jennifers catering events,0.8039144589671796
buffalo wild wings,0.8037170385465817
pane bianco,0.8036967952143028
sardellas pizza wings,0.8033655998212725
mr submarine,0.8032715077670218
park one cafe,0.8024471092603693
gracies tax bar,0.8024078596184598
uncle bears brewery,0.802356068701318
blaze fastfired pizza,0.8023498504606388
quiessence at the farm,0.8019281538773039
grand canyon beverage co,0.8017796841812475
tacos el rancho,0.8017565826163107
arizona country club,0.8017551193795229
michelinas,0.8016547718771763
roys restaurant,0.8016022697374774
de la ana european delicatessen store,0.8014348136223428
lookout tavern,0.8011311072594811
ztejas southwestern grill,0.8010846704968353
downtown pizza lounge,0.8009809560396488
tbone steakhouse,0.8005727012224648
tacos trafi catering,0.8003702612345398
engrained cafe,0.8002423074679711
koi poke arcadia,0.800025858498859
santisi brothers pizzeria sports grill,0.7996485818140378
anzios italian restaurant,0.799128581493443
upper crust pizza patio wine bar,0.7989970506274275
hoppin jacks,0.7979808396445711
la stalla cucina rustica,0.797560431372671
times square pizzeria,0.7961585637678367
mingos louisiana kitchen,0.7960726564107847
different pointe of view,0.7956858076329227
pizza heaven bistro,0.7956775229058932
gypsy bar,0.7956213251810279
lustre bar,0.7955404524452514
costco food court,0.7954645947261816
carlys bistro,0.7953506455870363
seamus mccaffreys,0.7948510035144112
catalina sports bar grill,0.7948167547161917
southern rail,0.7947321111550176
rodehouse restaurant,0.794609227593955
frank alberts,0.7943314008781196
labella pizzeria and restaurant,0.7940168194625892
short leash hotdogs rollover doughnuts,0.7938098305133146
guss new york pizza bar,0.7933281798033823
ingos tasty food,0.793192296777224
george and dragon pub,0.7929863666439665
mariachi estrellas del pacfico,0.7927426848196188
the other q bar and grill,0.7923920868530188
keegans grill,0.7923393422523941
luna pizza,0.7919660102750111
caffe boa ahwatukee,0.7917055368038266
iron chef,0.7916683548207059
double ds tacos,0.7910480933613594
castaways,0.7907625053808902
the phoenix ale brewery central kitchen,0.790706824740522
valley wings,0.7906419762815631
jps dog house,0.7906350313588069
1130 the restaurant,0.7898569185338151
famous daves legendary pit barbecue,0.7894465297246082
grill 36,0.7892838553261192
caviness studio,0.7890836339143821
red devil italian restaurant pizzeria,0.7879163133180431
southwest restaurant supply,0.7876958099542131
arcadia tavern,0.7875239742067607
rocky mountain chocolate factory,0.7872307469817221
pizzeria bianco,0.7872294225958036
ra sushi bar restaurant,0.7869690847722736
spinatos pizzeria,0.7867712343585176
nobuo at teeter house,0.7867367314988546
ingallinas box lunch,0.7864313232417752
the macintosh,0.7862482813062868
native grill wings,0.7857031077542678
hopdoddy burger bar,0.7856648682214022
focoso,0.7849156577089837
ohya sushi korean grill bar,0.7848937345652782
zinc brasserie,0.7848176011460603
tacos tequilas,0.7846907855994344
italian spoon,0.7844616135041094
dipstick waffles bakery,0.7842400802721441
restaurant progress,0.7840435024481569
qdoba mexican eats,0.7840399050730267
meritage an urban tavern,0.7829379731342025
the last stop sports bar grill,0.7825105150796433
the cafe,0.7819295123320631
kai,0.7818148366092537
royal palms resort and spa in the unbound collection by hyatt,0.7816959252267186
breadwinner,0.7811910674654037
big dawgs,0.7811170824736954
akaihana sushi grill,0.7806034313142679
province urban kitchen bar,0.7805956885839442
souper salad,0.7803191904934148
yen sushi sake bar,0.780099116118319
sunup brewing,0.7794451679829983
islands restaurant,0.7794378362427951
pomelo,0.7791838682107974
las tres potrancas,0.7784906886407145
arizona sandwich co catering,0.777826305809405
valley bar,0.7774560455494075
pointe in tyme,0.7773503062953666
levi catering,0.7771999751346906
aiellos east coast italian,0.7758959451593772
yogis bistro,0.7758840559255558
original hamburger works,0.7755762227811043
stanleys homemade sausage company,0.7748444933195298
the core institute specialty hospital caf,0.7748361921342739
mariscos bella vista,0.7745574801466246
dubliner,0.7743950897835414
asi es la vida,0.7740609948932744
dijlah market,0.773946941234983
spoke wheel phoenix,0.7739465978225208
welcome diner,0.7733218283804446
dicks hideaway,0.7730619351814613
daily dose midtown,0.7724890731587903
modern market eatery,0.772480339302354
a taste of silk bbq,0.7724704854255109
poke bar,0.7724269785702118
papa joes fishnque,0.7724001528896813
perfect pear bistro,0.7721261181836998
vincent market bistro,0.7707429697571457
veranda bistro,0.7703134824387963
johnnies chicago style pizza,0.7701997201739431
cuban foods bakery restaurant,0.7701738790453583
kwench juice cafe phoenix,0.7699224422347006
cocos bakery restaurant,0.7696604740832543
apna bazaar indian groceries,0.7694753000013088
mary coyle ol fashion ice cream,0.7692337748770595
cloth flame,0.7687998425418279
cranberry hills eatery catering,0.768750898097496
yoshi bento,0.7685867611231296
la madeleine country french cafe,0.7685866668016897
dominos pizza,0.7684753348538316
el encanto dos,0.7684193044081856
level one market,0.7683489519593008
phoenix greyhound park,0.7682981078960908
lukes of chicagos,0.7681695611858322
tomasos,0.7679957530735697
roma garden ristorante,0.7679327360866908
knock kneed lobster,0.7674765884001127
nook kitchen,0.7670664430727593
og original genos,0.7667103866160812
brix kitchen cocktails,0.7665596632634504
sushito,0.7659027079746864
coolvybz jamaican restaurant,0.7649389559198881
the courtyard cafe,0.7649002870824315
nutrition avenue,0.7646962942071354
omoide sushi noodle bar,0.7645110498982166
fajitas a sizzlin celebration,0.7643230694575713
little caesars,0.7639313085856214
sonora mexican,0.7634689618336131
community cuisine,0.7634403093275428
blue agave mexican cantina,0.7634166504631678
bento box,0.7628018366425523
steves greenhouse grill,0.7627996887163533
dave busters,0.7621459964511468
streets of new york,0.7620260632451759
quiktrip,0.76183667744031
tukees sports grill,0.7613431022722335
finestre modern gastronomy,0.7610647959690466
ccs mesquite broiler,0.7610523091656527
aioli gourmet burgers,0.7607959580000905
mad greens phoenix,0.7606818827888358
cracker barrel old country store,0.7603013360427413
pizza patrn,0.7600715703481579
the camby autograph collection,0.760064036106422
alexis grill,0.7599963050912646
pita jungle,0.7597843377319342
pizza studio,0.7596892061442808
the barbecue company grill and cafe,0.7595257900529986
breadcrafters bakery cafe,0.7591511332637353
the covenant,0.758820227941732
captain bills submarine,0.7584530410899469
diamond plate restaurant,0.7582269489421203
chestnut fine foods provisions,0.7581752349417248
taco juan,0.7581287431807542
sir vezas taco garage,0.7578695941979193
pirates fish chips,0.7575898258218934
golden corral,0.7572422078921178
tommys place,0.7572403706856801
duzas kitchen,0.7567670806203883
buck rider,0.7567390817026192
gertrudes,0.7561142254159225
yakiramen,0.7559003858949114
jackinthe box,0.7558390901387665
cocina madrigal,0.755728413605143
classic crust pizza,0.7555182967430909
philly affairs,0.7552319158418657
my slice of the pie pizzeria,0.7550739929261224
paradise valley burger company,0.7550253256614301
hog wild pit barbq,0.7548113519255637
original chopshop,0.7545543628785847
joes philly steak more,0.7544625976383637
tower bistro,0.7543474407648005
the bar,0.7542868088520613
arizona authentic pizza,0.7542432312374838
the oink cafephoenix,0.7539309990498999
chilis,0.7539104482391248
romeros mexican food,0.7537568654169434
outlaws bar restaurant,0.7533829070222973
brunswick zone desert sky lanes,0.7529267375323143
ahso sushi steak,0.7527596431051328
bobby ds restaurant lounge,0.7525399934408438
tipsy tea party,0.7523967277555255
culichi sushi,0.7523828734180207
taquizas yiyo catering and party supplies,0.7523505002737707
hungry howies pizza,0.7517329868595868
arizona biltmore,0.7516377197286775
spartan pita gyro,0.7509562799732261
proteinhouse arcadia,0.7504980774397717
presidio cocina mexicana,0.7494674601690798
gadzooks enchiladas soup,0.7492320146154643
noble eatery,0.7492313334554769
jewels bakery and cafe,0.7488468120331242
mediterranean majik food truck,0.7488440202119364
uncle sams,0.7484754616641018
new great china super buffet,0.7482892756977699
welcome chicken donuts,0.7480616662179755
twenty highland tavern,0.7479649965538595
hana japanese eatery,0.7478801102073263
scramble a breakfast joint,0.7476160641084122
the buffalo spot,0.7472850869952654
tryst cafe,0.7470903009665271
cityscape,0.7469685882203467
la grande orange pizzeria,0.7465475151446244
cjs talleys pub,0.7465196459870502
chi town dogz,0.7464568132107826
coffee zona,0.7460074051852096
windsor,0.7457430122634947
asafiir market restaurant,0.7455772663147435
georges famous gyros pasta,0.7454478342151486
cowboy ciao,0.7454021781392093
the yard,0.7452858493582619
bakery by chef tom,0.7452536838982845
va bene italian restaurant martini wine bar,0.7452206461545829
blue seas express catering az,0.7449505739511962
tortas paquime,0.7448317069056616
zinburger,0.7445889424791872
puerto rico latin bar grill,0.7443815401566513
glai baan,0.7442527655209226
speedtees bbq subs,0.743897397087678
phoenix roadhouse diner 66,0.7426380478467409
new china super buffet,0.7426030315226966
cafe rio mexican grill,0.7424656403964347
fired pie,0.7421359037245665
holeinthewall,0.7419626322376968
azool grill,0.7416530431705596
pomo pizzeria phoenix,0.7411404264803261
alexis family restaurant,0.7407863595890356
cafe valley inc,0.7405528390074194
rosatis pizza,0.7401818600245029
zoes kitchen,0.7400908728367761
santanas mexican food,0.7400263673456218
barrio caf,0.7398674645808625
lolos chicken waffles,0.7395383446318726
dickeys barbecue pit,0.73943284567384
abyssinia restaurant and cafe,0.7393392605713898
shanes rib shack,0.738818983784411
rice paper on 7th,0.7379067528060674
mahons sandwich shop,0.7378412423776022
your bbq guys sales service and so much more,0.7377139313960778
neveria paraiso,0.7372278317941032
tocasierra spa and fitness,0.7371916057221632
jobot coffee diner,0.7368483117900675
plaza cafe grill,0.7364388992990554
dairy queen grill chill,0.7360727050004844
smashburger,0.7360665453052591
32 shea,0.7359875675816091
big daddys sports lounge,0.7355333791400589
loving hut,0.7350899225765314
texaz grill,0.7349230554383576
macalpines diner soda fountain,0.7349089401170338
vals getaway des cafeteria,0.73468445060042
joyride taco house,0.7346550401045842
the habit burger grill,0.7346494116220935
applebees grill bar,0.7345259646904287
hillside spot,0.733677362670071
mayo clinic hospital cafeteria,0.7336110035593943
red lobster,0.7331421990843214
five guys,0.7329953285285746
dianas bakery,0.732890114443635
eat by stacey weber,0.7327802108452095
echo sushi,0.7327370932321698
mamma toledos the pie hole,0.7325404373794291
jasons deli,0.7324537086763225
marcias long wongs,0.7320428320995731
frashers smokehouse,0.7312706563911519
jake break cafe,0.731182547769196
mariscos playa del sol,0.7305658715168755
phoenix public market cafe,0.7305269032097939
india palace,0.7304845268608202
mariscos playa hermosa,0.7292880150900771
angry crab shack bbq,0.7291700533438408
red thai,0.7290549823499642
denoras ristorante,0.7290445290983049
bear and the honey specialty bakery,0.7288150135032094
city cafe,0.728416226077544
venezias new york style pizzeria,0.7283292071709727
don jose mexican food,0.7281175901761641
ocean prime,0.7271729764664421
the brittle bush bar grill,0.7265752042561977
johnny rockets,0.7255281090894035
sushi ken,0.7254086524253812
caf zupas,0.7253028631072715
networks,0.7249280477164525
boston market,0.724735927548684
linger longer lounge,0.7246993319679782
uno mas cantina,0.7245408059325642
sun star buffet,0.724489406177389
the flying pigeon,0.723662406453166
lakeside hideout cafe,0.7236444769971246
breakfast club cityscape,0.7235758440854754
phx eats cafe,0.7235314287249415
innout burger,0.7235304388350101
zest of india,0.7233183405790272
the lobby grill,0.7231947609005884
the joy bus diner,0.7230600993828507
xl california burger company,0.7222984725318844
taberna de tequilla,0.7220928649798872
paradise valley burger chase field,0.7219555082076723
3on smith cafe,0.7215885863162637
encanto oasis,0.7215854390839125
grand avenue pizza company,0.7213604228039481
renaissance phoenix downtown hotel,0.7210566567210266
qs fish chips,0.7210438103525321
the dressing room,0.7208131351826236
country boys,0.7207324707193543
sacks sandwiches arcadia,0.7205069455784027
jbs restaurant,0.7204981504338568
lucky boy burger shop,0.7204032399885576
richardsons,0.7203369334835823
taberna del tequila,0.7198127093079801
on the border mexican grill cantina,0.7195999253533306
arizona polish festival,0.7195851698028191
thai esan,0.7195813146476615
the counter,0.71956064434808
mcgurkees italian kitchen,0.7195507466182003
banh mi bistro vietnamese eatery,0.7194833695293035
pho bowl vietnamese cuisine,0.7193788033167248
aunt chiladas squaw peak,0.7187086789579948
ranch house grille,0.7183763413097018
qween creek olive mill,0.718244175167573
casa filipina bakeshop restaurant,0.718162957613965
ladera taverna y cocina,0.7181119730528227
sushi brokers,0.7179547425311839
divinos,0.7172117090562063
ritas italian ice,0.717197906480555
goodcents deli fresh subs,0.717170847422842
five star cafe,0.7169726164292265
uncle tonys pizza,0.7163765853970138
bevvy uptown,0.7161010781777064
cactus tavern,0.7158419729369561
chilis grill bar,0.7155750032285524
floreria eliza,0.7154170709875246
handy hero services,0.7152839571802878
chicago hamburger,0.715233021439222
haps pit barbecue,0.7152291986798629
yogurt mart,0.7150485087967735
brothers pizza,0.7148932789413873
niccolis italian grocery deli,0.7146253455363483
gadzooks enchiladas and soup,0.713798804665565
bar smith,0.7137391269903413
ahwatukee country club,0.7134211662986514
flavors of india,0.7124293310222805
ollie vaughns,0.7123407976737571
kings market,0.7117592490677738
villa pizza,0.7117249668428418
jordans mexican food,0.7115045886448953
dairy queen,0.7113285680000376
base pizzeria,0.7112284032064115
joes diner,0.7106317304779584
el taco santo,0.710618771925577
the original phoenix greek festival,0.710505965821468
original breakfast house,0.7102161866123894
lennys burger shop,0.7099377010055454
georges kitchen,0.7097474106404412
texas bbq house,0.7089573729788514
best of philly,0.7087846029122025
potbelly sandwich shop,0.7086206479660926
mrs whites golden rule cafe,0.7083545599804385
del taco,0.7080625318743226
thirdspace,0.7077552011764691
sip coffee beer garage,0.7069605684266609
cien agaves tacos tequila north scottsdale,0.7069106213168161
cartel coffee lab,0.7068461603244524
matts big breakfast,0.7064706530904417
gallo blanco,0.7064004010731957
pork on a fork,0.705673571403632
crazy jims,0.7056303621118061
dankys barbq,0.705560519659584
imperial kosher market,0.705508948509024
5th avenue cafe,0.7054525913362191
famous rays pizza,0.7052716862119174
jc sushi and chinese,0.705216777512024
el pacifico restaurante y pescaderia,0.7052073205963356
adelas italian,0.7050892955787069
chipotle mexican grill,0.7048444757229477
al rafedin,0.70411597786267
pho noodles,0.7040268160399115
sonic drivein,0.7036409064210579
carlos obriens,0.7031048933215546
old town sarajevo,0.7029113244024001
el chullo peruvian restaurant bar,0.7028965974058002
cafe 1010,0.702735538229706
mad greens central ave camelback,0.7023130594875648
npx a neighborhood joint,0.7021581514642204
2601 on central,0.7021350794374965
corleones,0.7019821908174868
az kabob house,0.7016936771843566
paradise bakery cafe,0.7016544461700147
julios too,0.7013934516344142
new sun star super buffet,0.7012916848847897
bowl of greens fine salads,0.701272089662405
mcdonalds,0.7012097808857469
birrieria y taqueria del yaqui,0.7010452868897441
duck decanter,0.7007467735499796
sacks sandwiches phoenix,0.7003100773028421
pho bar central,0.7000143652142199
san carlos bay seafood restaurant,0.6999375528106557
tilted kilt pub eatery,0.699870481607358
kitchen 56,0.6998331764626454
wild thaiger,0.6993681158720755
cha chas tea lounge,0.6988543829749726
soup sausage bistro,0.6988529094308651
taquizas kabronis,0.6985951969894013
shake shack,0.6985343415595213
macayos mexican table,0.6980960187927372
yogis grill,0.6980928192548812
genie gs,0.6979988539709466
americas taco shop,0.6979282150377282
otro cafe,0.6977573607726193
the stand,0.6976820052874617
miracle mile delicatessen,0.6976722361888987
gojo ethiopian restaurant,0.6975450553471122
baja fresh mexican grill,0.6974662928435177
ny slicers deli,0.6970957628801937
arts all american cafe,0.6968715396437212
snooze an am eatery,0.6963450086779983
burger mania,0.6962882753207915
little king of kings,0.6957766993838659
andes peruvian cuisine,0.6957633749747416
candys kitchen,0.6957519529898887
city square deli grill,0.6949509313689739
caribbean marketplace grill,0.6946378237356978
jackinthe box drive thru,0.6945677320908097
giant rustic pizza,0.6944256708623846
hibachi grill supreme buffet,0.6941206384497551
what a sub,0.6938271441662742
fez,0.6937253724783223
olives mediterranean grill,0.6931093951351808
lunch time cafe,0.6930821189843528
doubletree suites by hilton phoenix,0.6925483475709716
reubens deli,0.6921657910175261
the grand,0.6917411876878192
ringside sports grill,0.6916705909213515
rocket burger subs,0.6911816561341004
morning glory cafe,0.6910751026585591
scramble a breakfast lunch joint,0.6907037711210217
papa johns,0.6907030073721925
paz cantina,0.6903242929432365
temaki sushi,0.6900942935080296
sizzle korean barbeque,0.6892786809160927
pt noodles,0.6887316255255214
papa johns pizza,0.6884702222554826
carolinas mexican food,0.6881707278772686
limn tacos tequila,0.6876574989100266
ihop,0.687603701589321
asahi bakery,0.687535302279034
village inn,0.6873657958941994
over easy,0.6871685446447492
desert donuts,0.6871637209997661
tacos tequila whiskey,0.687154269811779
nishikawa ramen,0.6869345718275345
paquime street food of mexico,0.6861224689929968
rokerij,0.6860169611278469
zookz sandwiches,0.6858265649254272
international house of food,0.685711063845377
lamars donuts coffee,0.6849113651981544
oroweat baking company,0.684817020368587
yusefs middle eastern restaurant grocery deli,0.684432462847694
lux central,0.6844318340967415
rolands cafe market bar,0.6839824585974108
machete azteca estilo df,0.6838436582677738
biryani bites,0.6837740227140616
los reyes de la torta,0.6833494927448871
los dos molinos,0.6832540803399689
spoonz cafe,0.6831578845108865
thai recipe bistro,0.6829283309367102
stackers restaurant,0.6825983014474513
tonys italian delicatessen,0.6825749055363873
new tokyo food market,0.6824512125921063
berthas caf,0.6822048127643252
helpings cafe market and catering,0.6819833782277092
carniceria la hereford,0.6817020595315626
hannys,0.681352885500168
sabai modern thai,0.6811548060218896
the parlor,0.6809066431490627
carlos obriens mexican restaurant,0.6806511177653431
eastwind sushi grill,0.6805314161499671
ladybug house of sandwiches,0.6802082616111096
my mothers restaurant,0.6801983855410034
melrose kitchen,0.6799711921749512
little miss bbq,0.6798634206146716
birria queen,0.6789693615096355
foxy fruit acai bowls smoothies,0.6787514045698895
taste of new mexico,0.6786301443086611
yasha from russia,0.6780182122534824
turf paradise,0.6776821698120787
water chestnut,0.6775750412969385
daisy mountain coffee roasters,0.6774033678083291
cold beers cheeseburgers,0.6772424854409768
the kettle black kitchen pub,0.6767632153360025
segals oasis grill kosher foods,0.6766865038767904
ice house tavern,0.676632833617645
pf changs,0.6765521981585392
churn,0.6762483547269126
artizen,0.6762334441142734
da vang restaurant,0.6754094396984283
songbird coffee tea house,0.6745798822625206
chennai chettinaad palace,0.6743786289858318
tarbells the tavern,0.6741849665665061
modern margarita,0.674145910526607
jimmy johns,0.6740596215511006
bar bianco,0.6739756013746838
thai basil signature,0.673305370243662
old station sub shop,0.6731175844059316
popeyes louisiana kitchen,0.6731066900226257
indian delhi palace,0.673009067719325
aji spa,0.6726776397810337
marstons cafe,0.6726070595691667
petes fish and chips,0.6724654164502291
forno 301,0.6722980255804848
gluten free creations,0.6720498592363331
canyon 49 grill,0.6719381646973437
little caesars pizza,0.6715924818355152
atl wings,0.6713080415641559
the henry,0.6711263868996177
christos ristorante,0.6711042432454378
wingstop,0.6710509821772018
yoshis restaurant,0.6706827453447384
bawarchi indian cuisine,0.6701618022919484
saffron jak,0.669184907612437
la canasta mexican foods,0.6686793263373099
snoh ice shavery,0.6686080311895046
la grande orange,0.6673903489626787
raising canes chicken fingers,0.6672600738148116
devils greens,0.6672544288186284
pita bistro,0.6669867115763415
my gal sal bakery catering,0.6669452968561502
hooters,0.6667413787620792
the original rainbow donuts,0.6653873267870801
best of europe meats deli,0.6650613484382597
ponchos mexican food and cantina,0.6649198139002701
proteinhouse scottsdale,0.6648943160870893
phx vegan food festival,0.664664067250031
taqueria el compadre,0.6645124393523796
pomegranate cafe,0.6644454873134705
nana panchas,0.6638376420649157
franks new york style deli,0.663022763405365
the duce,0.662729640584933
pho binh minh,0.6623735427216784
peaks valleys restaurant,0.6622923362941227
great wall cuisine,0.6621064193848887
szechwan palace,0.6620093008762293
noodles company,0.6618162802297327
lunch break,0.6616302926341462
caroun,0.6615255613378901
wow wow hawaiian lemonade awhatukee,0.661342417192643
la olmeca restaurant,0.661302157510721
kneaders bakery cafe,0.6612573948935316
whataburger,0.6609986961814389
phoenix art museum,0.6607241334742269
ole brass rail,0.6599520245212502
top shelf mexican food cantina,0.659607971936435
spice restaurant,0.6595445374374451
romanellis italian deli,0.6593460620277842
schlotzskys,0.6590721044877701
jack in the box,0.6590471431783114
scotts generations restaurant delicatessen,0.6585588289353415
pho lee,0.6585259815593821
wy market,0.6584978654547035
alida restaurant supply,0.6583127682854599
chickfila,0.6580699248426437
shabu fondue,0.6578972821973017
honey bears bbq,0.6577897872821736
chompies,0.6577738581480805
the farm kitchen,0.6576662985105164
cafe emina,0.6576077084761187
luckys burgers shakes,0.6576057494234602
the corner deli,0.6575946032694705
la santisima,0.6574080359915238
king wong chinese food,0.6566244421384931
menuderia guanajuato,0.6565176337499679
pastries n chaat,0.6563592228237451
sushiholic,0.6561962867591249
arriba mexican grill,0.6561521046195772
uncle tonys bagels deli pizza,0.6556119162854517
enchanted cupcakes and more,0.6555844237292903
hotel san carlos,0.6548147813965657
dilla libre cantina,0.6545031124949383
samurai sams greenway,0.654405628512388
golden thai kitchen,0.6541362807940224
the farm at south mountain,0.6540777566387139
las islas del capitan,0.654031399584865
ichi bowl,0.6537688418522987
plaza bonita,0.6536559856417749
dilla libre gourmet quesadillas food truck,0.6534614851202393
capriottis sandwich shop,0.6531620426672297
corner bakery cafe,0.6531572128637252
ninos greek cafe,0.6530590414681906
the gelato spot,0.6529350054081621
country boys restaurant,0.6523570565041904
mothers,0.6523327667316268
tom yum downtown,0.6518859845392122
marigold maison paradise valley,0.6516871986701802
pho saigon pearl,0.6516437491715443
krua thai cuisine,0.6516116597548025
arizona grand resort spa,0.6515275552169817
wink 24,0.6515210530048154
om indian bistro,0.6513767375355535
rustlers rooste,0.6511652054108706
las glorias restaurant,0.6509914470903491
tacos chiwas,0.6501236098589829
chanpen thai cuisine,0.6494188260574812
burger shoppe,0.6493408811200053
mercado y carniceria sepulveda,0.6491987758375203
the brown bag,0.6487712165698496
los tucanes barbacoa,0.6487394404330499
the strand,0.6479905491240912
tacos maricos sinaloa,0.6478347785190988
einstein bros bagels,0.6476327062651548
kneaders,0.6475051616398764
bagel gourmet,0.646859565288592
mos chicken,0.6463090680296452
tropical smoothie cafe,0.6460851588774646
black cat coffee house,0.6458792308078564
the cookie bar queen,0.6456336964033987
mimis cafe,0.6450318872955478
star of india,0.6445693791880122
the nosh cafe,0.6445540072469935
pho 602,0.6440229409955192
gallaghers,0.64384150997313
gallaghers sports grill,0.6438235589123085
sweet tomatoes,0.6435511708262343
nicks,0.643409957027593
la carreta taco grill,0.6428476351372101
tea light cafe,0.64196705392981
desert springs brewing company,0.6416838403169939
federicos mexican food,0.6416784579470567
pho vn vietnamese cuisine,0.6416686163220887
blue mesa tacos,0.6414526482398326
burger factory,0.641376635269969
rainbow donut,0.6406722363296693
yama sushi house,0.6405659573433375
kaleidoscope juice,0.6404143638605336
taco bell,0.6398165429411646
sheraton grand at wild horse pass,0.6386954789910526
alzohour market,0.63839452891397
alebrije,0.6381663852381219
gyro house 32,0.6378540070115765
modern tortilla food truck and catering,0.6375997228833455
country boys restaurants,0.6375590132078994
manhattan pizzeria and subshop,0.6375098170010965
baiz market place,0.6368279803945922
south china express,0.6367571476282542
rositas place,0.6364566334358985
tarbells,0.6359338275608784
frys,0.6356991120854103
reathrey sekong,0.6353597308573599
hilal grill,0.63489687417748
jade the taste of china,0.6346680041676906
the tasty touch,0.6345314047849552
poku,0.6338077808628029
paradise melts,0.6334209248914806
persian garden cafe,0.6332488671510813
garden express,0.6331557000276804
red wok buffet,0.6327479855127727
sabas mediterranean kitchen,0.632164371081182
zipps sports grill,0.6320411543584411
woodys macayo,0.6319823377565748
first watch,0.631762405718657
deli tavern,0.6312300975587651
jersey mikes,0.6310159466481755
good fellas grill,0.6303980334820741
kyoto bowl,0.6297405885854325
urban beans cafe bar,0.6297251246343583
salsitas mexican food,0.629606063899754
seasons 52,0.6291594588746172
burger king,0.6285227966944422
nee house chinese restaurant,0.6285010104523387
twisted curry,0.628378173457895
deer valley airport restaurant,0.627062980657624
the tamale store,0.6265663452968653
mims burger mexican food,0.6259678330333875
antojitos mi pueblo,0.6256784835425044
siu wok,0.6253371279630107
wtfexp,0.6248799405336084
santa madre taco shop,0.6241019418843394
the golden greek,0.6234402144433245
golden wok chinese restaurant,0.622743230151305
la pina loca,0.6227124534471495
el bravo mexican food,0.6217813314625669
raising canes,0.6209833506128251
lupitas hot dogs,0.6209536801402009
rainbow donuts,0.6205605382986046
la mejor,0.6200816883551552
mi pueblo,0.6199414316507104
que huong restaurant,0.6198656034257026
taqueria los yaquis,0.6198161666785974
el chino restaurante y cantina,0.6188334268502107
blaze fast fired pizza,0.6187550260646022
popos mexican food,0.6185461470752767
filibertos mexican food,0.6182024966810282
jl smokehouse,0.6174811783398669
quiznos,0.617172031960119
delux,0.6167705296910049
pepes taco villa,0.6165399377419645
everything bagels,0.6164785935153275
long wongs,0.616116131295743
nogales hot dogs,0.6158981924979463
delicioso raspados,0.6158367740285899
ellys brunch cafe,0.6155734739149866
wadaa street tacos,0.6154134124580055
el ranchero,0.6151307576342518
george sons asian cuisine,0.6150127081527634
my goodness cakes,0.6148489185030541
el nopalito,0.6148203761809076
el caprichoso,0.6146505160564445
tammie coe cakes,0.6144909104120602
ritas mexican food mariscos,0.6143562646003626
mariscos y barbacoa la bella,0.6139639983514765
charleys grilled sub,0.6115299430405065
krazy 4 koffee,0.6114898142885654
chronic tacos,0.6114278738822551
manuels mexican restaurant cantina bell rd,0.6113629421207911
vegan house,0.6111957630535989
smoothie king,0.6106958441202004
mantra indian cuisine,0.6106218398464655
wildflower,0.6100848557395204
taco chelo,0.6098693425026638
barrio cafe gran reserva,0.6091426901130712
ajo als mexican cafe,0.6087432715056593
thai longan,0.6084219956809376
garcias mexican restaurant,0.608395393661314
ottos empire diner,0.6081357874061392
city tacos,0.6073094607817308
phoenix childrens hospital,0.6072516615694117
las cazuelas mexican seafood restaurant,0.6064874768197698
lucis at the orchard,0.6062531988786318
phoenix coqui,0.6052542002335125
salad and go,0.6048831626466153
tacos kissi,0.6046033749036992
barrio queen,0.6044549379106435
the early bird phx,0.6038915954091619
khyber halal,0.6037480223185085
habanero fresh mexican grill,0.6036453786665442
mr chaos asia bistro,0.6035125858550061
the adobe restaurant,0.6034372856495613
las glorias grill mexican food,0.6033457470160626
subway,0.6027870037099823
song lynn,0.6027665685202206
caf tranquilo,0.6017488411661165
latino restaurant,0.6012478847576874
la purisima bakery,0.600510064899366
high rye,0.6004603378494988
the cracked egg,0.6002038932535292
olive ivy,0.6001729135297953
detroit coney grill,0.5999342135226817
la pupusa loca,0.5998033951086812
tk urban kaf,0.5997048221191925
tortas el rey,0.5997027787331841
raspados y antojitos penasco,0.5994262087536179
the greek pita,0.5992883356435159
carniceria los amigos,0.5991860706812009
mariscos bahia de guaymas,0.5988023683504624
seoul bbq sushi,0.5986431729736302
famous daves,0.5985525936412747
cafe cultivate,0.5984071876510962
trans am phx,0.5980469125426473
new silver dragon,0.5979867330107274
red robin gourmet burgers,0.5973202787972745
edens grill inn,0.596460648259076
moon valley cafe,0.5964439821815312
tortas el guero,0.5958487939633932
the market,0.5957947881783816
jasmine thai cuisine by kelly,0.5956611701735102
rott n grapes uptown,0.5955007373036255
wildflower crown,0.5951954074009912
lucis healthy marketplace,0.5949378719784038
zs greek,0.5946760227989909
desert jade,0.5943966610931022
la frontera,0.5940423560706264
rice to you,0.5938345283144877
press coffee biltmore center,0.5934496005133549
the lunch lounge,0.5931628155332607
lennys burger,0.593045680387183
outta bronx,0.5926542627506766
los taquitos,0.5924282188866816
may garden restaurant,0.5921432308143473
sunrise donuts,0.5914779864807522
zoyo frozen yogurt downtown phoenix,0.5907235905246231
golden coin,0.5905376076879865
sosoba,0.5905040898853464
tacos mi ranchito mexican grill,0.5897928812623917
ritos mexican food crown,0.5890929394172901
odelay bagel,0.5889543557040429
berthas el sabor de los mochis,0.5884724440771926
speedy street taco,0.5883971071678317
thai lotus restaurant,0.5881986029739538
charleys philly steaks,0.5880259971175612
savor flavor asia,0.5879483622121379
godavari,0.5874411595250508
the play factory,0.5873486826954506
hot bagels and deli,0.5870024202918831
christown spectrum,0.586478610609225
island sensation cuisine,0.5858965267684867
takamatsu,0.5855094448178857
mi tienda latina,0.5854647488624382
best wok chinese restaurant,0.5851677118557433
julio gs tatum,0.5849967404765913
mings pagoda,0.5848889757852498
rolibertos mexican food,0.5848696135609583
brooklyn nyc pizza,0.5847720021024854
habaneros mexican grill,0.5845866384732987
la canasta capitolio,0.5840154707406755
king coffee roastery,0.5837177715228337
doras kitchen,0.5836967990233987
super dragon,0.5833285183265695
tokyo express,0.5833179005696267
the prime chinese restaurant,0.5832845284695214
bosa donuts,0.582833161045653
via delosantos,0.5827234898098221
pueblo viejo,0.5824672639145243
rainbow donuts cafe and deli,0.5822801955679344
mod pizza,0.5820114088432647
bamboo china restaurant,0.5819964563342486
ricks cafe metro,0.5818932442833942
desert swirl frozen yogurt,0.5816716072268395
tacos mi ranchito,0.5812997529453883
ncounter,0.5812029183400409
the original carolinas mexican food,0.5811431247384641
canton wong,0.5810027284685915
los compadres,0.5805578468358195
jersey mikes subs,0.5804516896669837
the post,0.5796093411397767
green tea chinese restaurant,0.5794809087402835
long wongs of laveen,0.5789481377475505
blue moon gentlemens club,0.5785988958229736
juliobertos,0.5782238875594693
nekter juice bar,0.5773826491159062
the coronado phx,0.5770320903090255
mu shu asian grill,0.5768827150009657
liyuen,0.5763317505546481
bicycle nomad,0.5763266780641303
garcias mexican restaurants,0.5761632442626436
george yangs chinese cuisine,0.5760388350408675
kays kafe,0.5753590260593624
el rincon sinaloense,0.5748912119567455
the sub shop,0.574812074835247
garcias las avenidas,0.5745669042233601
chicago gyros,0.5745292785444214
flamingo palace,0.5737230613150448
lins grand buffet,0.5723843801995292
palms restaurant,0.5723274489584621
grabbagreen downtown phoenix,0.5719546310729164
sweet cream donuts,0.5715119848374819
luv a sub,0.571208310404554
good china restaurant,0.5708941337523472
viet kitchen,0.5707993931945475
guamuchilito mexican grill,0.5705372012763698
la barquita restaurant,0.5704311804506297
nami,0.5703409577505072
smokengrind,0.5701152409044361
sweet land cake,0.570029415796744
ocotillo,0.5692862321649479
middle eastern bakery deli,0.5691281424489675
pino,0.5682912970715106
hamburger yumi yum,0.5677111461563085
love acai bowls food truck,0.567462166929293
rubios,0.5666903449005758
flaming wok,0.5663280452549098
hempful farms,0.5661458312599836
dragon palace,0.5659849968314059
karls quality bakery,0.5658703876433593
pho 43,0.5657184282284967
phoenix pizza festival,0.5652559598745306
lis bowl,0.565112306629723
mi patio,0.5648729541796624
panda express,0.5647973507965971
pei wei,0.5645773956058917
little dragon chinese restaurant,0.5643487942985221
taqueria el guerrerense,0.5630874286842871
dragon bowl,0.5630445282090377
dao kitchen 2 asian bistro,0.5630055942794128
thai delight,0.5626109795692611
yans,0.5625067239928907
taquerias el chino,0.5622729271980111
us egg,0.561902141958881
la piazza phx,0.5618772651658076
china harvest buffet,0.5611530214025459
que chevere,0.5606271911851086
tertio wine bar,0.5605599300965529
sun asian kitchen,0.5600763640161329
los mexican friends,0.55986157986404
frank lupes restaurants,0.5597171776636946
taqueria don pancho,0.5596851449468101
el mesquite cocina mexicana,0.5595940693545713
dennys,0.5595617321653026
los altos ranch market,0.5586515151559313
just a splash,0.5582276552296798
jamba juice,0.557866759928243
pizza a metro,0.5577910814760151
breakroom bar grill,0.5573023764514536
grinders coffee,0.5560795787740078
golden china,0.5559901312038759
china chili,0.5558882458012366
mels diner,0.5557988068197732
cafe rio,0.5557525015723284
el rinconcito mexican food,0.5554782033616017
pok catcher,0.5553918048199046
casa de don pancho,0.5550795180477104
old country buffet,0.5548970260098564
sushi loco,0.5545996171848144
hamburguesas al carbon el humadero,0.5545860390009695
chico malo,0.554520109954526
burgers amore,0.5540408037927113
shangrila chinese,0.5537207938957167
china village,0.5523270509542922
celass pizza,0.5519443612782337
lola coffee,0.551788187240535
big cuzs catering,0.5513659374349953
el portal,0.551337131552432
athens pita greek grill,0.5504274100248198
willies taco joint,0.5492902192144671
krachai thai kitchen,0.5492275441387133
tacos sahuaro,0.5491519337500806
the wok express,0.549143535910724
kwan wok chinese restaurant,0.5490642607900091
stumpys pizza subs,0.5480771415578135
wraps n curry,0.5469143583180962
el gero canelo,0.5462329228067779
asadero norte de sonora,0.5457721183771524
the park,0.5455863613063513
cenaduria y taqueria lupita,0.545540452364793
canton dragon,0.5455029118236114
nellos pizza,0.545422170958814
caf allegro,0.5441541019923739
neveria chayos,0.5441472726058758
sticklers,0.5435199531413712
kims chinese kitchen,0.5433635194253883
sizzler,0.5429149621232259
carls jr 7081,0.5422961610560023
asian dining chinese restaurant,0.5417232157308426
rubios coastal grill,0.5415689272318901
el portal restaurant,0.5415519924229975
vaqueros carne asada,0.5408319991275142
taqueria el fundador,0.5407537982562082
taqueria la hacienda,0.5404351521696049
moon light restaurant,0.5401550637450927
fuego taco shop,0.5391923774480069
taco mich and bar,0.5390698830807555
autumn court chinese restaurant,0.5389339234668519
wang express,0.538646296023783
blazin mongolian bbq,0.5385398121922199
taco mich bar 4,0.5384479207400722
go go china,0.5382084607615505
barros pizza,0.5378054888473035
moto sushi,0.5377775292869456
panda garden,0.5377648867896532
marias frybread mexican food,0.5376577701488988
chino bandido,0.5372143838398313
kokopeli deli,0.5369495567458884
wendys,0.5367378430728811
tgi fridays,0.536359041117522
sushi station,0.5351552085479534
mr leno,0.5346246972285227
great wok,0.5340203672888764
culvers,0.5338777792198944
panaderia y tortilleria,0.5338358033100066
hong kong chinese cuisine,0.5333433107094467
salsitas,0.532492177438026
the fry bread house,0.5321651774519365
oriental express,0.5314516691138793
phx burrito house,0.5314040356579249
jjs gyros,0.5313621933910205
china restaurant,0.5305393460835526
green chile grill,0.5296793605208594
two hippies beach house,0.5286980631074636
rodibertos mexican food,0.5286349961792107
fox sports grill,0.5284685012659235
lims chinese buffet,0.527821064541086
mi pueblo mexican food,0.5270348471467582
firehouse subs,0.5269763783975758
irmas kitchen,0.5263263771429239
frank food truck,0.5259076220701524
hard rock cafe,0.5246399830517625
copper star coffee,0.5243727482822019
new asian kitchen,0.5239433453094274
la huasteca mexican foods,0.5237609661719397
tacos huicho,0.5236327254986892
la salsita,0.5228811817962933
tortas manny,0.5228341087927768
lydias la canasta mexican food,0.5222484829474114
new garden restaurant,0.5218326075013038
trapp haus bbq,0.5212392034240911
papa chevos taco shop,0.5210872163415204
sala thai,0.5208891580495021
redz urban table,0.5199352675212492
los jarritos restaurant,0.519753116194962
regios mexican food,0.5193176102374332
the rocket truck,0.51854691683599
chen wok,0.5182598894309675
chen wok express,0.5178897811838511
greektown,0.5174057076954559
taqueria tepehuaje,0.517250115201769
ruby tuesday,0.5172412108743838
la piata,0.5164461986278485
mercbar,0.5158920008815195
yis chinese restaurant,0.5153319879078435
el bravo sky harbor,0.5151495546535584
ritos mexican food phoenix,0.5144769233000503
abacus inn chinese restaurant,0.514073220501857
polibertos bell rd,0.5130362499158578
tacarbon,0.5121979271181591
mr cooks chinese cuisine,0.5118647608665103
green new american vegetarian,0.5115857977724692
la canasta burrito shoppe,0.5115242979057313
essence bakery cafe,0.5113737660009103
los portales mexican food,0.5105348731151622
rennicks restaurant,0.5095372942212248
dunes lounge,0.5082213346162181
40th street cafe,0.5077612062772823
china chef bistro,0.5077185825955269
los betos mexican food,0.5076807237170186
pong pong,0.5076141171298885
canam realty group,0.5075059048706687
picosito mexican grill,0.5071696436706241
el norteo,0.5070331424012531
fatsos pizza,0.5068481865183033
choon burritos,0.5068182916326237
mister wong,0.5067870042430602
first place coffee,0.5048017364477629
honey baked ham company,0.5046428438977107
tacos y mariscos el sinaloa,0.5029781299332773
5 diner,0.5029371585611507
hong kong asian cuisine,0.5027013113150831
ginos pizza,0.5023260078291565
thai basil,0.5014527475055836
tams,0.5011780785755398
caramba mexican food,0.5006310475985478
fast eddies diner,0.5002150148046247
rolandos mexican food,0.5001304216917827
maskadores taco shop,0.4995380786566129
juans authentic mexican food,0.49943615500339955
machete azteca,0.4969731199764223
pozoleria mexican food,0.49691060901142703
panera bread,0.49686522556933427
ok fish chips,0.4958415656012749
mariscos vuelve a la vida,0.49510467227640115
the original burrito co,0.4941524408091216
pitic restaurant,0.4937596060736802
pieology pizzeria,0.4937181328968252
kamanawana hawaiian treats,0.4924030540372749
raffaeles pizza,0.4917649842304358
casa corazon restaurant,0.49173359368520486
star wok,0.4914900124260545
los toritos,0.4910541578913914
taqueria el cometa,0.4895470911829676
hong kong kitchen,0.48920525718913477
tom yum thai restaurant,0.4889208879452116
eribertos mexican food,0.4882007243659694
the lounge,0.48810411088240613
samurai sams,0.4877330540604693
familia loritos,0.4876094809996694
azteca bakeries restaurant,0.4875733108692114
mr mesquite taqueria,0.4860085690177365
rolbertos,0.4850922144852918
obriens sports pub,0.48246229124201007
next level lounge and cafe,0.48238440958770834
waamo restaurant,0.4821677193290774
rustic cafe,0.4821281417857756
biscuits,0.482010505270092
barrio cafe,0.4808339446053051
janas bakery,0.4803296219928724
sinbads restaurant,0.4794087583667096
city bistro,0.47925912115063646
new india bazaar,0.47904304478035975
greka pita,0.47891231926645084
jimmy jacks drivein,0.4777794907108097
lunch box,0.47698682836379397
new york pizza dept,0.4769662321289647
jody maronis sausage kingdom,0.4767947252259388
mi familia mexican food,0.4760778340347994
mimi forno italiano,0.4748001782621269
the shuka shak,0.4747078433174293
humphreys kitchen koffee,0.47453898961439167
carls jr,0.4732582591615622
hsin cafe,0.47227051888126176
taco feliz mexican food,0.471947831547871
smoke dem bones bbq,0.4701664080977388
extreme sushi roll,0.46887540995517996
franciscos mexican food,0.4678283559040396
bikini beans coffee,0.46746753595169865
emilios tacos hotdogs,0.4658613084262002
alaskan pride seafoods,0.46498502815268994
playas del novilleros,0.46493599401385954
burger theory,0.4634456164006489
mandarin super buffet,0.4634154975802397
mi nuevo nayarit,0.46328257199911227
ramiros mexican food,0.46276459473055764
el pacifico botanas,0.4617146013902472
thai basil ahwatukee,0.4616871677808526
carls jr 7091,0.46128826184692995
new north china,0.46045475579019557
nawaz indian cuisine,0.4590981386307398
cheba hut toasted subs,0.4590396830156803
suncup cafe,0.456125190971021
gorditas el tio,0.45370300293793353
fresko a mediterranean kitchen,0.451079434226567
coyote grill,0.4489225856193001
earlybaker,0.44834341268919403
zk grill,0.4464488354748695
tropical juices,0.4457798566512605
mariscos ensenada 4,0.4451159215821345
restaurant atoyac estilo oaxaca,0.44450844986642785
manuels mexican restaurant cantina cave creek,0.4444545166015259
baker wee,0.4436025143169502
canton wong 8,0.44259396204710705
pokitrition sushi burritos poke,0.4421319441040623
port of subs,0.4419981640114509
long wongs hot wings,0.4405965451751779
mi amigos mexican grill,0.4398325836298155
vovomeena,0.438206596274445
rolbertos taco shop,0.4361115645065772
papa murphys,0.43554382230716604
king gyros,0.43472049809662394
lucky kitchen,0.4346261946592644
salsitas 6,0.4335542712877333
the mystery mansion dinner theater,0.43147606351791706
shortys sandwich shop,0.430734897676279
choon,0.4291408686502022
fleur de lis unforgettable cakes,0.4288283498976577
la poblanita,0.427310150026904
arbys,0.4267606268460804
presto,0.423930860725522
armandos mexican food,0.4220210037417754
wongs chinese cuisine,0.4218577604605865
comedor guadalajara,0.4188680431903324
the mix up bar,0.41876573424830416
provecho,0.4185051825424403
even stevens sandwiches,0.4178437713303683
ralphs snack bar,0.4164746886833032
the original bbq 2 u,0.41644464714942586
ny bagels and deli,0.4144284544865621
jerrys restaurant,0.4134117730069773
game seven grill,0.4118970501250181
uberrito,0.41123620925966164
mariscos el malecn de mazatlan,0.40853279791717334
tee pee mexican food,0.40660843860119955
la pasadita hot dogs,0.40573491894700475
barbs bakery,0.40513400650031606
sylvias la canasta,0.4038986431013566
gils taste of taos,0.3986786197260206
the peppersauce cafe,0.39563727413431815
pho thanh,0.39517700407780065
surf city tanning,0.3944805648183188
joes real bbq,0.3934959142689773
eat this,0.3918450920452667
guss new york pizza,0.39121586025277655
freshly,0.3908855594210785
24th street pizza gyros,0.3888923641877936
happy food,0.3870009197676798
la sonorense tortilla factory,0.3866978907319306
alfredos deli,0.3859226890855364
rott n grapes roro,0.3854355846419181
taqueria don beto,0.38442410534678934
shako mako grill,0.3844037950810578
nori sushi,0.38376331090485427
hungry street grille,0.38107487510458105
rev cafe,0.3801923472486466
arroy thai,0.37939288980346303
long wongs famous wings,0.37814080377901726
12th fairway bar grill,0.3760075461818799
bell italia pizzeria,0.37441940308158184
polish goodies,0.37385749120812395
el guero hot dogs,0.37253399316117597
nuevo burrito,0.371141004914133
yins chinese resturant,0.3708032372527321
wetzels pretzels,0.36920694123222353
provisions pizza,0.36736134307807133
fillmore coffee,0.36673515564709497
natalino italian restaurant,0.36568030603034973
dlite healthy on the go,0.36296124425209836
connollys sports grill,0.3607045001890281
taqueria el vaporcito,0.3606296740849352
los cerritos,0.35970635249056354
authentic ethio african,0.3566562566055473
thai rama,0.3557718792802189
armadillo grill,0.3508280793963994
slices,0.3507266632700621
fair trade cafe,0.3504903770580481
crave sandwich cafe catering,0.3494725768551039
blue pacific super buffet,0.34820314082658405
carniceria castillo,0.34590644849896846
pork on a fork catering,0.3457003039524906
mucho macho taco,0.3454426455401861
tropical fruit nice raspados,0.3449613044358033
jt gyros,0.3446987233635852
uptown plaza,0.34251561279634873
the halal guys,0.33657005939754603
kfc,0.3360852774770705
noodles a gogo,0.3350686549716533
marylns fish chips,0.3345672712804886
avanti,0.32936740491153266
nathans famous hotdogs,0.328922646423336
gyros on central,0.3248697173938395
the bagel man,0.3244713823425291
taco mich,0.3188594422907867
tammie coe to go,0.318799458615319
the dinner detective interactive murder mystery dinner show,0.3183586303928905
sin son nay,0.316472464459968
bobby q biltmore,0.31507217347881455
palette,0.3116337995444445
starbucks,0.30983074571741664
valle luna,0.3084082000097429
bonus round,0.30569665427467646
alhana,0.30473094718186156
the playa ii bar and grill,0.30428765683238246
ben brothers market,0.3010516593534838
paradise bakery,0.30072879651182177
alfonsos mexican food,0.30052059606882664
taste of honduras,0.2959159808000713
red rim bistro,0.29216428577641457
tacos culichi,0.29119644760178015
kabab king,0.28973594565355865
my pie pizza,0.2895196686420324
mid city kitchen,0.288248186474064
taste of thai,0.2873404503115589
oasis raspados,0.2863026975641355
mariscos el dorado sin,0.2861820417777059
the whining pigphoenix,0.28191119402001674
mariscos la phoenikera,0.2740023125174107
charleys grilled subs,0.2737496368760468
pats pizza plus,0.27254565835456324
pizza hut,0.2716007212006709
ahipoki phoenix,0.26335396015011076
rise craft coffee eatery,0.26313535004539845
tee pee tap room,0.2594819733867136
krispy kreme,0.2553755140131132
taste it tours phoenix and scottsdale food tours,0.2516959070927479
halohalo kitchen,0.250229219955327
cajeme birrieria y taqueria,0.24815019004918604
restaurant sinaloa,0.24723357063274448
edwards cuban bakery,0.24716420274347883
runyon appliance,0.246713915715082
mucha lucha taco shop,0.2457054813339345
el nuevo taquito,0.24139285125172338
rkidds pizza wings,0.24008999065133638
great dragon restaurant,0.24008016764611112
mariscos ensenada,0.23986762677445564
phillys sports grill,0.2388476870461672
fridays front row sports grill,0.23634538139111652
thai lahna restaurant,0.23504370084302423
reign of thai,0.22939130130153718
bobby q,0.2270951760675512
hob nobs,0.21896616500480032
lams seafood market,0.21883948089561647
island loco,0.21392687961065587
greekfest restaurant,0.2108407595676609
the breadfruit rum bar,0.2078233000375631
tacos la lomita,0.20761487837040402
tacos michoacan,0.20369621601727905
churchs fried chicken,0.20085130229416692
rehab burger therapy,0.19973119396661193
super oscars,0.1992827944248343
king pin grill pizza,0.19736871904618136
los armandos,0.19539037921413654
di vitos pizza,0.19531692466619122
pho hoang duc,0.19207284537839542
mission possible cafe,0.1920107503605619
mod,0.1883729643007867
buzznbeez food truck,0.18679473549400577
grabbagreen bell,0.18592674628740916
tokyo joes,0.18349980250396128
how bout dat 313 detroit coney island,0.18278908598043286
summers fruit barn,0.18090304079402816
trails end bar grill,0.17534964725093177
sr ozzys tacos y mariscos,0.17519297474985798
pizza people pub,0.17105266351439546
ono hawaiian bbq,0.1632406228033332
the panini people,0.16266354099338776
brennans pub grub,0.15896898774851137
sonora taco shop,0.15628933746926088
gorditas lily,0.1551982672056491
pizza on 40th,0.15468073008611577
haldi indian cuisine,0.1532884597271222
il primo pizza wings,0.15164809908927862
bitter creek cafe,0.1479157037101919
sushi bros,0.14342986235091343
xo confections,0.14316427356998077
el horseshoe restaurant,0.14166489090696743
berry beet juice bar,0.139016791070872
los armandos asadero y mariscos,0.1337449164768995
little jamaica,0.13155635023691792
kimmyz tatum point,0.13017024574749608
touch of thai,0.1292829993616661
farm craft,0.11934985167125059
luv me tender bbq,0.10663587684621081
blimpie,0.10562004913769726
oven vine,0.10055548403359704
diner 50,0.09998972044020471
oasis crossroads bar grill,0.09748700630118858
stanleys home made sausage company westside,0.09724589786397288
niros gyros,0.09637000891598603
fuddruckers,0.09376276479741952
taqueria la korita,0.09349620901645253
daddy os grill,0.08785917869185954
safeway food drug,0.08776815471221742
brooklyn mikes subs,0.08542021742950912
copper plate,0.08051077298661789
mariscos el tiburn,0.07723415924097593
kahu hawaiian bbq,0.07389957537178937
the pizza buffet,0.0721808091172198
tratto,0.0714530672320464
el caprichoso hot dogs estilo sonora,0.07027482533414367
the porch,0.06470175603201449
mandys fish chips,0.06076834002862408
queso good,0.05996931021299587
amelios pizza more,0.05964977667229502
yoshis,0.059085719413405347
hek yeah bbq,0.049846564880497865
daawat indian cuisine,0.04808250692771404
harumi sushi,0.04527628759273168
la cocina economica,0.04251832366277214
ezekiels,0.041044924354800755
ll hawaiian bbq,0.040023470636346085
cheese n stuff,0.03332372981372668
new china buffet,0.02916469065826855
true brew coffee,0.028155092125118353
kiss pollos estilo sinaloa,0.026825745888655814
blue fin,0.02550837317656367
rallys,0.02511732218695737
yoasis,0.023266402453468702
wongs chinese dining,0.017163195913872206
arrivederci,0.014204351386906618
arizona matsuri,0.012373225336349446
sprouts,0.010671406728615745
zeez grill,0.010237832429967904
edelweiss biergarten,0.009980194550243217
mikas greek,0.006439278821347413
pan y pasteleria san sebastian,0.004910092708221219
tatums restaurant,-0.0007905661598637294
pho av,-0.0026419620691053303
pizza patron,-0.005252933889817199
bri,-0.005610772887378199
antigua bakery,-0.006701980860801655
mariscos chihuahua,-0.018020994914142045
taqueria y birrieria jalisco,-0.021456292668608913
nocawich,-0.0220527450022769
pochos,-0.024317631298780548
el pollo loco,-0.0272490007955567
w xyz bar,-0.02732926722490909
saffron pig,-0.02732926722490909
perfetto day cafe,-0.02732926722490909
waffle taco,-0.02732926722490909
el fenix bakery,-0.02732926722490909
mendys place,-0.02732926722490909
cafe on the way,-0.02732926722490909
la chambre phx,-0.02732926722490909
triple dot food truck,-0.02732926722490909
blue devil hood cleaning,-0.02732926722490909
terrace cafe at hyatt regency phoenix,-0.02732926722490909
68 degrees sabor,-0.02732926722490909
jacksons food store,-0.02732926722490909
la reyna bakery,-0.02732926722490909
leafy sea dragon,-0.02732926722490909
first cup ethiopian cafe,-0.02732926722490909
babylon lounge cafe,-0.02732926722490909
miss lulus cafe,-0.02732926722490909
charlies grilled subs,-0.02732926722490909
city market deli,-0.02732926722490909
barbeques galore,-0.02732926722490909
marcelo delivers,-0.02732926722490909
audi quattro lounge,-0.02732926722490909
centrico,-0.027834832528756216
la salsitas,-0.028621445969933327
hola cabrito,-0.034935519051231316
mandys fish and chips,-0.04060005640410681
premium burger,-0.04412855361762735
salvadoreo restaurant,-0.04471434226593107
armandos mexican,-0.0571559854572633
senor sushi,-0.05861408671364332
hava java,-0.0661068662443074
613 grill,-0.06767186225996469
chuck e cheeses,-0.07360263213166958
birrieria las marias,-0.07619672624210908
ni de aqui ni de alla,-0.07752680453104183
mama lolas tortillas,-0.07886607794398376
scooters coffee,-0.08139655660364697
dillys deli,-0.08329292368555358
short leash hot dogs,-0.08435066387646403
el super,-0.08666703682293078
la parilla villa catering,-0.08694290751957999
el charro hipster bar cafe,-0.08763861970636369
caps sports grill,-0.08864924033275381
michaels at park central,-0.0932283426765114
manuels mexican restaurant cantina,-0.09514877976582016
the cupcake cafe,-0.09515575037363673
new hong kong,-0.10324216239594863
guanaquito restaurant,-0.10489708351557989
deluxburger express,-0.10571331738489426
el centro cocina,-0.10656681561583876
mariscos altata,-0.10743070036882735
las 15 salsas,-0.10790981955241931
lets do lunch,-0.10915675443322068
muse market,-0.110391035823216
churchs chicken,-0.1137362629073233
el jacal mexican restaurant,-0.11920170996167423
authentic thai kitchen,-0.11921903705745339
jays gyros,-0.12074616855509845
the refuge cafe,-0.12366519256445
jimmys hot dogs,-0.12381081856916355
veggie village,-0.13112571550741536
el taco tote,-0.13373504881230303
rinaldis italian deli,-0.1346647879638859
urbo,-0.14286377917180967
q up barbeque,-0.15156367028427176
cafe chenar,-0.1567016122730451
d taco pit,-0.15780358610320233
jk sushi,-0.15951920869809927
dunkin donuts,-0.1620748405185917
rays pizza,-0.16446796219056398
hana sushi,-0.16450600509578756
garden grill bar hilton garden,-0.16732578686343302
la taqueria de jalisco,-0.16994392532460217
al aruba,-0.17067052604823002
petes fish chips,-0.17140996167167138
taylor place cafeteria,-0.17934398797146972
roosevelt diner,-0.17976837140140217
angie jimmies italian pizza,-0.19228524677295028
cicis,-0.19513372755714886
doner kebab chef rd,-0.20008635271707093
rays pizza ii,-0.20194747832794835
the larry,-0.20324308834739785
grandpas pizza,-0.20741593663723884
cookin on wood,-0.20817900969007808
tortas el manantial,-0.2108090059070416
antojos your way,-0.2123500534412915
pizza by napoli,-0.2132748885841561
golden nugget chinese buffet,-0.21656072650343677
salvadoreno restaurant 2,-0.2319171994060144
whipples fun center,-0.23357910673843593
little caesers,-0.23503476675582363
villa italian kitchen,-0.23660310014143915
hyatt regency phoenix,-0.23683055497756889
la villa df,-0.2391710085159501
clamatos la cruda,-0.2395214626633893
bean sprouts cafe,-0.24021887827293228
el tacazo,-0.24404744172519033
fme caffe,-0.24935554453539274
greenmix,-0.251848564401648
costco,-0.2558297568341328
ciros tacos,-0.2575126739700901
the larder the delta,-0.2655239310171497
jets pizza,-0.27069180139925525
modern burger,-0.2719048409507764
marisas mexican seafood cocina,-0.27246712215169
pala,-0.27675622643354775
the refuge coffee wine,-0.2775300037339944
powered up nutrition,-0.2805459100714437
press coffee,-0.2813757930678074
white cup coffee,-0.2912625855809024
cicis pizza,-0.2915049104606756
naked bbq,-0.29161700482311836
barrio avion,-0.2974725074275199
el pollo correteado,-0.29816432376964386
imperio 667 mariscos sushi,-0.29982768870049625
stacys off da hook bbq and soul food,-0.3194020612566594
pak crepes coffee,-0.3227182365438488
tacos chava,-0.3243745033076482
flavor chalet,-0.33210691991520824
flame broiler,-0.3343047802715858
56th st deli market,-0.33563672056228455
rbg bar grill,-0.33807651496735686
charr an american burger bar,-0.3403066520153808
be coffee food stuff,-0.35104241571953143
foothills golf club,-0.3525164236649061
la madeleine phx term 4 b19,-0.35413842085703506
la hawaiiana,-0.357715525689543
caf 51,-0.3603483124310569
wtf burgers,-0.36043339295479304
27th ave bar n grill,-0.36074136080600355
pei wei asian diner,-0.3664823558027326
rimrock bar grille,-0.3667494458431426
sunfare,-0.369402012619773
el kora,-0.3697831756823094
central cafe,-0.37203091313590186
fox news sky box,-0.3723779997752382
marys restaurant,-0.3742812511106868
tutti santi,-0.37746657458859634
el lorito,-0.3780578523556333
giant manhattan pizza pasta,-0.37996560635952403
the hatter and hare,-0.3865247048004994
great american grill,-0.38815484870803585
pizza divino,-0.39006178284071186
dick clarks bar and grill,-0.39201650559705725
isas pizza,-0.3977579983825022
tastybox,-0.402894874916533
squaw peak cafe,-0.4046489038663444
the beaver bar grill,-0.40822129752198316
la botana,-0.40912267836573424
dons ny pizza,-0.40913035914542634
la carreta de lily,-0.4092419634974328
the liberty kitchen,-0.40929777536530043
the purple turtle,-0.41371771110757294
peter piper pizza,-0.41862678290902655
senor pizza,-0.42153735038633366
tortas el tri,-0.42511150155484434
asadero toro,-0.4331469658290521
raspados imperial,-0.4349130419497005
mariscos acapulco,-0.43577318906953166
la madeleine,-0.4394875848871004
pupusas dona mary,-0.44527174303664674
which wich,-0.446363564884355
la flor de calabaza,-0.4484808331657407
corridors cafe,-0.450404269486701
tacos mexico,-0.45390629444906067
samarkand restaurant,-0.4558646118419275
el king sushi,-0.45898842362186654
ohso brewery sky harbor,-0.45956294346510496
palermos pizza,-0.45964254103927743
la korita taqueria,-0.4602278295049207
elevate coffee,-0.46425972850170905
restaurante y pupuseria los 3 hermanos,-0.4652304648642734
birrieria obregon,-0.46543708752482005
lifeboat coffee,-0.46663664454220877
frys food store,-0.4697424950911778
dk dogs,-0.4764031433070186
el carbonero,-0.48387860306455827
the teapot,-0.4853893403255345
da valley grill,-0.48616637282972763
kovo modern mediterranean,-0.48865984394509887
tacolandia,-0.49353270748086275
realeza michoacana,-0.49633149246380054
waba grill,-0.496977699007973
san salvador,-0.4977712709726866
thai thai kitchen,-0.500915683112864
zesty zzeeks pizza and wings,-0.5015647533349931
satay hut,-0.5144178593102728
dust cutter,-0.5165138171901829
sakura sushi,-0.5175174246141345
the churchill,-0.5184937659535809
ahipoki,-0.5292768522041121
the newton,-0.5458192083341787
han korean bbq,-0.5473167701773518
sushi sonora,-0.5533286626579779
sushi mocorito,-0.5537356644674156
flyin hawaiian,-0.5690919241496181
famous famiglia pizzeria,-0.5800071445147497
zpizza,-0.5870788419493541
dirty drummer,-0.6052828448454586
o2 sushi,-0.6124312553766345
twenty6,-0.6136763520548387
pizza mia,-0.6220483197356133
1 sushi,-0.6405253810250153
